bidder_id,dpiit_recognition_number,startup_name,date_of_recognition,date_of_incorporation,industry_sector,sub_sector,state,city,is_recognized,recognition_status,tax_exemption_status,has_80iac_certificate,patent_count,funding_stage,total_funding_cr,is_women_led,is_sc_st_led,entity_type,cin,last_verified_date,notes
BID004,DIPP12345,Pinnacle InfoTech LLP,2019-08-15,2019-01-15,IT Services,SaaS / Cloud,Tamil Nadu,Chennai,TRUE,Active,Eligible,TRUE,0,Seed,1.5,FALSE,FALSE,LLP,,2026-09-10,
BID006,DIPP23456,NovaTech Digital Pvt Ltd,2020-06-10,2020-02-14,IT Services,AI / Machine Learning,Delhi,New Delhi,TRUE,Active,Eligible,TRUE,2,Series A,8.5,FALSE,FALSE,Private Limited,U72900DL2020PTC345678,2026-09-10,
BID012,DIPP34567,Digi Cloud Services Pvt Ltd,2021-09-20,2021-03-01,IT Services,Cloud Infrastructure,Karnataka,Bengaluru,TRUE,Active,Eligible,FALSE,0,Pre-Seed,0.3,FALSE,FALSE,Private Limited,U72200KA2021PTC456789,2026-09-10,Not yet applied for 80IAC
BID015,DIPP45678,Pratham Software Solutions,2019-12-05,2019-06-15,IT Services,Enterprise Software,Tamil Nadu,Coimbatore,TRUE,Active,Eligible,TRUE,1,Seed,2.0,FALSE,FALSE,Private Limited,U72200TN2019PTC345678,2026-09-10,
BID019,DIPP56789,Smart Grid Technologies,2022-06-15,2022-01-10,Clean Technology,Smart Grid / IoT,Karnataka,Mysuru,TRUE,Active,Eligible,FALSE,1,Pre-Seed,0.2,TRUE,FALSE,Private Limited,U31200KA2022PTC567890,2026-09-10,Women-led startup
BID022,DIPP67890,InnoAI Labs Pvt Ltd,2023-09-01,2023-05-22,IT Services,Artificial Intelligence,Delhi,New Delhi,TRUE,Active,Eligible,FALSE,3,Seed,0.5,FALSE,FALSE,Private Limited,U72200DL2023PTC890123,2026-09-10,3 patents filed
BID025,DIPP78901,SecureNet Cyber Solutions,2021-03-15,2020-09-05,IT Services,Cybersecurity,Tamil Nadu,Chennai,TRUE,Active,Eligible,TRUE,1,Series A,12.0,FALSE,FALSE,Private Limited,U72200TN2020PTC567890,2026-09-10,
BID028,DIPP89012,CloudFirst India Pvt Ltd,2022-02-10,2021-07-12,IT Services,Cloud Computing,Maharashtra,Pune,TRUE,Active,Eligible,FALSE,0,Seed,1.0,FALSE,FALSE,Private Limited,U72300MH2021PTC678901,2026-09-10,
BID036,DIPP90123,DataBridge Analytics,2023-01-20,2022-08-18,IT Services,Data Analytics,Karnataka,Bengaluru,TRUE,Active,Eligible,FALSE,0,Pre-Seed,0.15,FALSE,FALSE,Private Limited,U72200KA2022PTC901234,2026-09-10,
BID039,DIPP01234,Quantum Computing India,2023-07-10,2023-01-09,Deep Technology,Quantum Computing,Tamil Nadu,Chennai,TRUE,Active,Eligible,FALSE,5,Pre-Seed,0.1,FALSE,FALSE,Private Limited,U72200TN2023PTC234567,2026-09-10,5 patents filed; deep tech
BID046,DIPP11234,Sikkim Organic Beverages,2021-04-05,2020-10-10,Food Processing,Organic Beverages,Sikkim,Gangtok,TRUE,Active,Eligible,FALSE,0,Seed,0.4,FALSE,TRUE,Private Limited,U15500SK2020PTC234567,2026-09-10,SC/ST-led startup
BID048,DIPP22345,NorthEast IT Solutions,2022-03-18,2021-09-15,IT Services,Software Development,Nagaland,Dimapur,TRUE,Active,Expired,FALSE,0,Pre-Seed,0.08,FALSE,TRUE,Private Limited,U72200NL2021PTC345678,2026-09-10,Recognition expired — needs renewal
BID043,DIPP33456,HP Organic Foods,2019-02-28,2018-08-15,Food Processing,Organic Food Products,Himachal Pradesh,Shimla,TRUE,Active,Eligible,TRUE,0,Seed,0.6,TRUE,FALSE,Private Limited,U15200HP2018PTC567890,2026-09-10,Women-led startup
BID037,DIPP44567,Meghalaya Bamboo Crafts,2020-01-15,2019-04-14,Handicrafts,Bamboo Products,Meghalaya,Shillong,TRUE,Active,Eligible,FALSE,0,Pre-Seed,0.05,TRUE,TRUE,Cooperative,,2026-09-10,Women-led + SC/ST-led
BID041,DIPP55678,Tripura Handloom Co-op,2021-01-10,2020-06-05,Textiles,Handloom Products,Tripura,Agartala,TRUE,Active,Eligible,FALSE,0,Pre-Seed,0.03,TRUE,TRUE,Cooperative,,2026-09-10,Women-led + SC/ST-led; NER startup
