bidder_id,pan,pan_holder_name,pan_status,pan_type,date_of_birth_incorporation,aadhaar_linked,itr_filed_ay_2024_25,itr_filed_ay_2023_24,itr_filed_ay_2022_23,itr_type_ay_2024_25,total_income_ay_2024_25_cr,tax_paid_ay_2024_25_cr,itr_verification_status_2024_25,tax_demand_pending_cr,has_tax_notice,tds_compliance_pct,pan_aadhaar_link_status,last_verified_date,verification_source,notes
BID001,AABCT1234A,TechVista Solutions Private Limited,Active,Company,2015-03-12,N/A,Filed,Filed,Filed,ITR-6,45.6,8.2,Verified,0,FALSE,100,N/A,2026-09-10,NSDL PAN Verification,
BID002,AADPG5678B,GreenLeaf Enterprises,Active,Individual,1985-06-15,Linked,Filed,Filed,Filed,ITR-3,8.2,1.1,Verified,0,FALSE,98,Linked,2026-09-10,NSDL PAN Verification,
BID003,AABCB9012C,Bharat Heavy Components Limited,Active,Company,2001-11-05,N/A,Filed,Filed,Filed,ITR-6,320.5,72.5,Verified,0,FALSE,100,N/A,2026-09-10,NSDL PAN Verification,
BID004,AAFPP3456D,Pinnacle InfoTech LLP,Active,Firm/LLP,2019-01-15,N/A,Filed,Filed,Filed,ITR-5,12.8,2.3,Verified,0,FALSE,100,N/A,2026-09-10,NSDL PAN Verification,
BID005,AAHPR7890E,Rajasthan Steel Works,Active,Individual,1972-11-22,Linked,Filed,Filed,Filed,ITR-3,5.1,0.6,Verified,0,FALSE,95,Linked,2026-09-10,NSDL PAN Verification,
BID006,AAECN2345F,NovaTech Digital Private Limited,Active,Company,2020-02-14,N/A,Filed,Filed,Filed,ITR-6,3.5,0.5,Verified,0,FALSE,100,N/A,2026-09-10,NSDL PAN Verification,
BID007,AADCS6789G,Sai Pharma Industries Private Limited,Active,Company,2012-09-18,N/A,Filed,Filed,Filed,ITR-6,28.3,5.8,Verified,0,FALSE,100,N/A,2026-09-10,NSDL PAN Verification,
BID008,AAKPM0123H,Metro Construction Company,Active,Firm/LLP,2008-04-01,N/A,Filed,Filed,Not Filed,ITR-5,67.2,12.1,Verified,4.5,TRUE,85,N/A,2026-09-10,NSDL PAN Verification,ITR AY 2022-23 not filed; tax demand pending; under scrutiny
BID009,AABCS4567I,Sunrise Textiles Private Limited,Active,Company,2016-05-20,N/A,Filed,Filed,Filed,ITR-6,15.7,2.8,Verified,0,FALSE,100,N/A,2026-09-10,NSDL PAN Verification,
BID010,AABPK8901J,Kiran Electronics,Active,Individual,1980-03-10,Linked,Filed,Filed,Filed,ITR-3,2.8,0.3,Verified,0,FALSE,100,Linked,2026-09-10,NSDL PAN Verification,
BID011,AABCA2345K,Apex Defence Systems Limited,Active,Company,2005-08-15,N/A,Filed,Filed,Filed,ITR-6,580.0,145.0,Verified,0,FALSE,100,N/A,2026-09-10,NSDL PAN Verification,
BID012,AAECD6789L,Digi Cloud Services Private Limited,Active,Company,2021-03-01,N/A,Filed,Filed,Filed,ITR-6,1.9,0.2,Verified,0,FALSE,100,N/A,2026-09-10,NSDL PAN Verification,
BID013,AAMPM3456M,MP Agro Products,Active,Individual,1978-08-25,Linked,Filed,Filed,Filed,ITR-3,4.6,0.5,Verified,0,FALSE,92,Linked,2026-09-10,NSDL PAN Verification,
BID014,AAACN7890N,National Power Equipment Limited,Active,Company,2003-01-25,N/A,Filed,Filed,Filed,ITR-6,210.8,48.5,Verified,0,FALSE,100,N/A,2026-09-10,NSDL PAN Verification,
BID015,AAECP1234O,Pratham Software Solutions Pvt Ltd,Active,Company,2019-06-15,N/A,Filed,Filed,Filed,ITR-6,6.3,0.9,Verified,0,FALSE,100,N/A,2026-09-10,NSDL PAN Verification,
BID016,AAMPG5678P,Gupta Trading Company,Inactive,Individual,1975-12-05,Not Linked,Not Filed,Not Filed,Not Filed,,,,,8.2,TRUE,0,Not Linked,2026-09-10,NSDL PAN Verification,PAN deactivated; no ITR filed for 3 years; CRITICAL
BID017,AAECE9012Q,Eastern Chemicals Private Limited,Active,Company,2011-11-11,N/A,Filed,Filed,Filed,ITR-6,22.1,4.0,Verified,0,FALSE,100,N/A,2026-09-10,NSDL PAN Verification,
BID018,AADCR3456R,Reliable Motors Pvt Ltd,Active,Company,2009-07-19,N/A,Filed,Filed,Filed,ITR-6,18.5,3.2,Verified,0,FALSE,100,N/A,2026-09-10,NSDL PAN Verification,
BID019,AAECS7890S,Smart Grid Technologies Pvt Ltd,Active,Company,2022-01-10,N/A,Filed,Filed,Filed,ITR-6,0.8,0.05,Verified,0,FALSE,100,N/A,2026-09-10,NSDL PAN Verification,
BID020,AAKPP1234T,Punjab Agri Implements,Active,Firm/LLP,2007-02-28,N/A,Filed,Filed,Filed,ITR-5,7.6,1.0,Verified,0,FALSE,100,N/A,2026-09-10,NSDL PAN Verification,
BID021,AABCC5678U,Coastal Marine Services Limited,Active,Company,2006-04-10,N/A,Filed,Filed,Filed,ITR-6,95.3,21.5,Verified,0,FALSE,100,N/A,2026-09-10,NSDL PAN Verification,
BID022,AAECI9012V,InnoAI Labs Private Limited,Active,Company,2023-05-22,N/A,Filed,Filed,N/A,ITR-6,0.4,0.02,Verified,0,FALSE,100,N/A,2026-09-10,NSDL PAN Verification,New company
BID023,AAECO3456W,Odisha Mining Corporation,Active,Company,2000-10-15,N/A,Filed,Filed,Filed,ITR-6,145.2,35.8,Verified,0,FALSE,100,N/A,2026-09-10,NSDL PAN Verification,
BID024,AADCS7890X,Swadeshi Paper Mills Pvt Ltd,Active,Company,2014-08-20,N/A,Filed,Filed,Filed,ITR-6,11.2,1.8,Verified,0,FALSE,100,N/A,2026-09-10,NSDL PAN Verification,
BID025,AAECS1234Y,SecureNet Cyber Solutions Pvt Ltd,Active,Company,2020-09-05,N/A,Filed,Filed,Filed,ITR-6,5.7,0.8,Verified,0,FALSE,100,N/A,2026-09-10,NSDL PAN Verification,
BID026,AAKPB5678Z,Bihar Food Processing Company,Active,Individual,1982-04-18,Linked,Filed,Filed,Filed,ITR-3,3.1,0.3,Verified,0,FALSE,90,Linked,2026-09-10,NSDL PAN Verification,
BID027,AAEPV9012A,Vishwakarma Fabricators,Active,Firm/LLP,2011-06-14,N/A,Filed,Filed,Filed,ITR-5,6.8,0.9,Verified,0,FALSE,100,N/A,2026-09-10,NSDL PAN Verification,
BID028,AAECC3456B,CloudFirst India Private Limited,Active,Company,2021-07-12,N/A,Filed,Filed,Filed,ITR-6,2.3,0.3,Verified,0,FALSE,100,N/A,2026-09-10,NSDL PAN Verification,
BID029,AAECA7890C,Assam Tea Machinery Works,Active,Individual,1968-09-14,Linked,Filed,Filed,Filed,ITR-3,4.2,0.4,Verified,0,FALSE,96,Linked,2026-09-10,NSDL PAN Verification,
BID030,AABCD1234D,Diamond Tools India Limited,Active,Company,2004-12-01,N/A,Filed,Filed,Filed,ITR-6,78.5,17.8,Verified,0,FALSE,100,N/A,2026-09-10,NSDL PAN Verification,
BID031,AAECG5678E,GreenEnergy Solar Private Limited,Active,Company,2018-04-22,N/A,Filed,Filed,Filed,ITR-6,14.6,2.4,Verified,0,FALSE,100,N/A,2026-09-10,NSDL PAN Verification,
BID032,AADCS9012F,Shanti Medical Devices Pvt Ltd,Active,Company,2017-02-14,N/A,Filed,Filed,Filed,ITR-6,8.9,1.3,Verified,0,FALSE,100,N/A,2026-09-10,NSDL PAN Verification,
BID033,AAKPJ3456G,Jharkhand Minerals Trading Co,Active,Firm/LLP,2015-09-10,N/A,Filed,Not Filed,Filed,ITR-5,11.5,1.5,Verified,2.1,TRUE,78,N/A,2026-09-10,NSDL PAN Verification,AY 2023-24 ITR not filed; tax demand; scrutiny notice
BID034,AAECT7890H,TechStar Automation Private Limited,Active,Company,2019-11-28,N/A,Filed,Filed,Filed,ITR-6,7.4,1.0,Verified,0,FALSE,100,N/A,2026-09-10,NSDL PAN Verification,
BID035,AAECC1234I,CG Steel Rolling Mills,Active,Individual,1976-01-30,Linked,Filed,Filed,Filed,ITR-3,9.7,1.2,Verified,0,FALSE,100,Linked,2026-09-10,NSDL PAN Verification,
BID036,AAECD5678J,DataBridge Analytics Pvt Ltd,Active,Company,2022-08-18,N/A,Filed,Filed,N/A,ITR-6,1.2,0.1,Verified,0,FALSE,100,N/A,2026-09-10,NSDL PAN Verification,
BID037,AAEPM9012K,Meghalaya Bamboo Crafts Cooperative,Active,AOP/Trust,2019-04-14,N/A,Filed,Filed,Filed,ITR-5,0.6,0.03,Verified,0,FALSE,100,N/A,2026-09-10,NSDL PAN Verification,
BID038,AAECR3456L,Rathi Iron and Steel Works,Active,Firm/LLP,2006-10-20,N/A,Filed,Filed,Filed,ITR-5,25.3,4.2,Verified,0,FALSE,100,N/A,2026-09-10,NSDL PAN Verification,
BID039,AAECQ7890M,Quantum Computing India Pvt Ltd,Active,Company,2023-01-09,N/A,Filed,N/A,N/A,ITR-6,0.3,0.01,Verified,0,FALSE,100,N/A,2026-09-10,NSDL PAN Verification,Very new company
BID040,AAECN1234N,Nagpur Cement Products Co,Active,Individual,1970-05-20,Linked,Filed,Filed,Filed,ITR-3,13.8,1.8,Verified,0,FALSE,95,Linked,2026-09-10,NSDL PAN Verification,
BID041,AAECT5678O,Tripura Handloom Cooperative Society,Active,AOP/Trust,2020-06-05,N/A,Filed,Filed,Filed,ITR-5,0.5,0.02,Verified,0,FALSE,100,N/A,2026-09-10,NSDL PAN Verification,
BID042,AAECF9012P,Falcon Aerospace Components Pvt Ltd,Active,Company,2016-12-01,N/A,Filed,Filed,Filed,ITR-6,42.1,7.8,Verified,0,FALSE,100,N/A,2026-09-10,NSDL PAN Verification,
BID043,AAECH3456Q,Himachal Organic Foods Pvt Ltd,Active,Company,2018-08-15,N/A,Filed,Filed,Filed,ITR-6,2.1,0.2,Verified,0,FALSE,100,N/A,2026-09-10,NSDL PAN Verification,
BID044,AAECU7890R,Uttarakhand Hydro Tech Pvt Ltd,Active,Company,2017-05-30,N/A,Filed,Filed,Filed,ITR-6,6.5,0.9,Verified,0,FALSE,100,N/A,2026-09-10,NSDL PAN Verification,
BID045,AAECG1234S,Goa Marine Engineering Works,Active,Firm/LLP,2013-02-18,N/A,Filed,Filed,Filed,ITR-5,7.8,1.0,Verified,0,FALSE,100,N/A,2026-09-10,NSDL PAN Verification,
BID046,AAECS5678T,Sikkim Organic Beverages Pvt Ltd,Active,Company,2020-10-10,N/A,Filed,Filed,Filed,ITR-6,0.9,0.05,Verified,0,FALSE,100,N/A,2026-09-10,NSDL PAN Verification,
BID047,AAECK9012U,Kanpur Leather Exports Ltd,Active,Company,2002-06-22,N/A,Filed,Filed,Filed,ITR-6,55.2,12.5,Verified,0,FALSE,100,N/A,2026-09-10,NSDL PAN Verification,
BID048,AAECN3456V,NorthEast IT Solutions Pvt Ltd,Active,Company,2021-09-15,N/A,Filed,Filed,N/A,ITR-6,0.7,0.03,Verified,0,FALSE,100,N/A,2026-09-10,NSDL PAN Verification,
BID049,AAECA7890W,Andhra Precision Tools Pvt Ltd,Active,Company,2015-11-08,N/A,Filed,Filed,Filed,ITR-6,10.3,1.5,Verified,0,FALSE,100,N/A,2026-09-10,NSDL PAN Verification,
BID050,AAECJ1234X,JK Infrastructure Private Limited,Active,Company,2007-03-14,N/A,Filed,Filed,Filed,ITR-6,35.6,6.8,Verified,0,FALSE,100,N/A,2026-09-10,NSDL PAN Verification,
