tender_id,tender_title,tender_reference,buying_organization,cpse_name,tender_category,tender_type,published_date,bid_opening_date,bid_closing_date,estimated_value_cr,product_service_category,delivery_location,delivery_state,make_in_india_applicable,msme_purchase_preference,startup_preference,minimum_local_content_pct,epfo_esic_required,oem_authorization_required,bis_certification_required,experience_years_required,min_turnover_required_cr,tender_status,evaluation_method
TND001,Supply of IT Infrastructure & Cloud Services for Digital India Programme,GEM/2026/B/3456789,Ministry of Electronics & IT,NIELIT,Goods & Services,Open Bid,2026-08-01,2026-09-30,2026-09-25,25.0,IT Hardware & Cloud Services,New Delhi,Delhi,TRUE,TRUE,TRUE,50,TRUE,TRUE,FALSE,3,5.0,Under Evaluation,QCBS
TND002,Procurement of Organic Fertilizers for National Agriculture Mission,GEM/2026/B/4567890,Department of Agriculture,KRIBHCO,Goods,Open Bid,2026-08-15,2026-10-05,2026-10-01,8.5,Agricultural Inputs,Multiple Locations,Pan India,TRUE,TRUE,FALSE,50,FALSE,FALSE,FALSE,2,2.0,Under Evaluation,L1
TND003,Supply & Installation of Heavy Industrial Machinery for Steel Plant,GEM/2026/B/5678901,Ministry of Steel,SAIL,Goods & Services,Limited Bid,2026-07-20,2026-09-28,2026-09-20,180.0,Heavy Machinery & Equipment,Rourkela,Odisha,TRUE,FALSE,FALSE,50,TRUE,TRUE,TRUE,10,50.0,Under Evaluation,QCBS
TND004,Development of AI/ML Based Analytics Platform for Smart Cities,GEM/2026/B/6789012,Ministry of Housing & Urban Affairs,NBCC,Services,Open Bid,2026-08-10,2026-10-10,2026-10-05,12.0,IT Software & Services,Multiple Locations,Pan India,TRUE,TRUE,TRUE,50,TRUE,FALSE,FALSE,2,2.0,Under Evaluation,QCBS
TND005,Supply of Pharmaceutical Products for Central Government Hospitals,GEM/2026/B/7890123,Ministry of Health & Family Welfare,HLL Lifecare,Goods,Open Bid,2026-08-05,2026-09-25,2026-09-20,45.0,Pharmaceutical Products,Pan India Distribution,Pan India,TRUE,TRUE,FALSE,50,TRUE,TRUE,TRUE,5,10.0,Under Evaluation,L1
TND006,Construction of Residential Quarters - Phase II,GEM/2026/B/8901234,Ministry of Defence,MES,Works,Limited Bid,2026-07-15,2026-09-20,2026-09-15,75.0,Civil Construction,Pune Cantonment,Maharashtra,TRUE,FALSE,FALSE,50,TRUE,FALSE,FALSE,8,20.0,Under Evaluation,L1
TND007,Supply of Solar Panels & Inverters for Government Buildings,GEM/2026/B/9012345,Ministry of New & Renewable Energy,SECI,Goods,Open Bid,2026-08-20,2026-10-15,2026-10-10,18.0,Solar Energy Equipment,Multiple Locations,Pan India,TRUE,TRUE,FALSE,50,TRUE,TRUE,TRUE,3,5.0,Under Evaluation,QCBS
TND008,Annual Maintenance Contract for Marine Vessels,GEM/2026/B/0123456,Ministry of Shipping,Cochin Shipyard,Services,Limited Bid,2026-07-25,2026-09-22,2026-09-18,35.0,Marine Engineering Services,Kochi & Vizag,Kerala & AP,TRUE,FALSE,FALSE,50,TRUE,TRUE,FALSE,5,15.0,Under Evaluation,QCBS
TND009,Supply of Handloom & Handicraft Products for Government Emporiums,GEM/2026/B/1234567,Ministry of Textiles,Central Cottage Industries,Goods,Open Bid,2026-08-25,2026-10-20,2026-10-15,3.5,Textiles & Handicrafts,New Delhi,Delhi,TRUE,TRUE,TRUE,50,FALSE,FALSE,FALSE,1,0.5,Under Evaluation,QCBS
TND010,Cybersecurity Audit & SOC Setup for Critical Infrastructure,GEM/2026/B/2345678,Ministry of Home Affairs,NIC,Services,Limited Bid,2026-08-12,2026-10-08,2026-10-03,8.0,Cybersecurity Services,New Delhi,Delhi,TRUE,TRUE,TRUE,50,TRUE,FALSE,FALSE,3,3.0,Under Evaluation,QCBS
